"Id";"Référence";"Empreinte";"Quantité";"Désignation";"Fournisseur et réf";
1;"J1";"PinHeader_1x02_P2.54mm_Vertical_Mod";1;"Alarm Empty";;;
2;"J6";"PinHeader_1x03_P2.54mm_Vertical_Mod";1;"B";;;
3;"J10";"PinHeader_1x02_P2.54mm_Vertical_Mod";1;"OUT 2W";;;
4;"J17";"PinHeader_1x02_P2.54mm_Vertical_Mod";1;"1WireOn";;;
5;"R10,R6,R5,R4,R9,R3";"R_Axial_DIN0204_L3.6mm_D1.6mm_P2.54mm_Vertical_Mod";6;"220";;;
6;"J19";"PinHeader_1x02_P2.54mm_Vertical_Mod";1;"Spare2";;;
7;"J18";"PinHeader_1x02_P2.54mm_Vertical_Mod";1;"Spare1";;;
8;"D1";"LED_D3.0mm";1;"LED Alr";;;
9;"C2";"C_Disc_D5.0mm_W2.5mm_P5.00mm";1;"100nF";;;
10;"R16,R15,R7";"R_Axial_DIN0204_L3.6mm_D1.6mm_P2.54mm_Vertical_Mod";3;"680";;;
11;"R1,R13";"R_Axial_DIN0204_L3.6mm_D1.6mm_P2.54mm_Vertical_Mod";2;"10K";;;
12;"J12";"bornier2";1;"HP 18w";;;
13;"J7";"PinHeader_1x03_P2.54mm_Vertical_Mod";1;"C";;;
14;"J4";"bornier2";1;"POWER18W";;;
15;"C4,C3";"C_Disc_D5.0mm_W2.5mm_P5.00mm";2;"1µF";;;
16;"J2";"bornier2";1;"Power";;;
17;"R14";"R_Axial_DIN0204_L3.6mm_D1.6mm_P7.62mm_Horizontal_Mod";1;"470";;;
18;"R11,R2,R8";"R_Axial_DIN0204_L3.6mm_D1.6mm_P2.54mm_Vertical_Mod";3;"100K";;;
19;"J5";"PinHeader_1x03_P2.54mm_Vertical_Mod";1;"A";;;
20;"U2";"Teensy40_Minimum";1;"Teensy4.0";;;
21;"C5";"CP_Radial_Tantal_D5.0mm_P5.00mm";1;"22µF";;;
22;"J15";"PinHeader_1x04_P2.54mm_Vertical_Mod";1;"E";;;
23;"JP1";"PinHeader_1x03_P2.54mm_Vertical_Mod";1;"Jumper_2_Open";;;
24;"Q1";"TO-92_Inline";1;"BC547";;;
25;"C1";"C_Radial_D8.0mm_H11.5mm_P3.50mm";1;"470µF";;;
26;"D2,D3";"D_SMB_Handsoldering";2;"1N4007";;;
27;"J13";"bornier2";1;"INPUT";;;
28;"J14";"JST_XH_B2B-XH-AM_1x02_P2.50mm_Vertical";1;"Smoke Pump";;;
29;"RV1";"Potentiometer_Round_5.08x5.08_Vertical_Mod";1;"10K";;;
30;"R12";"R_Axial_DIN0204_L3.6mm_D1.6mm_P2.54mm_Vertical_Mod";1;"33K";;;
31;"D6";"LED_D3.0mm";1;"SMOKE";;;
32;"D5";"LED_D3.0mm";1;"TANK";;;
33;"D4";"D_DO-35_SOD27_P2.54mm_Vertical_KathodeUp";1;"1N4148";;;
34;"U4";"pcm5102";1;"PCM5102";;;
35;"J16";"PinHeader_1x03_P2.54mm_Horizontal_Mod";1;"LED RGB";;;
36;"U1";"TO-220-3_Horizontal_TabDown";1;"LD1085 5V";;;
37;"Q2,Q3";"TO-252-2_MOD";2;"IRF540N";;;
38;"J9";"JST_XH_B2B-XH-AM_1x02_P2.50mm_Vertical";1;"Smoke Tank";;;
39;"P2";"PinHeader_1x06_P2.54mm_Vertical_Mod";1;"HW Commands";;;
40;"J11";"bornier1";1;"OUT 18w";;;
41;"J3";"bornier2";1;"ON_OFF";;;
42;"U3";"pam8302a";1;"PAM8302A";;;
43;"J8";"PinHeader_1x03_P2.54mm_Vertical_Mod";1;"D";;;
44;"P1";"SD_BREAKOUT_MINI";1;"SD_breakout";;;
